class_id,code,name,receipt_name,unit,price
0,th_milk_180ml,Sữa TH true MILK 180 ml (hộp lẻ),SUA TH MILK KD 180ML,Hộp,9100
1,aquafina_500ml,Nước tinh khiết Aquafina 500 ml,NTK AQUAFINA 500ML,Chai,4000
2,kitkat_17g,Sô cô la KitKat 17 g,SCL KITKAT 17GR,Gói,9900
3,pepsi_320ml,Nước ngọt Pepsi lon 320 ml,,Lon,10300
4,handy_haohao,Mì ly Handy Hảo Hảo,MI LY HANDY HAO HAO,Ly,8300
5,handy_tomyum,Mì ly Handy Tomyum,MI LY HANDY TOMYUM H,Ly,8300
6,lays_stax_lobster,Khoai tây chiên Lay's Stax tôm hùm,KTC LAY'S STAX TOM H,Hộp,30200
7,vinamilk_sugar,Sữa bịch Vinamilk 100% có đường,SUA BICH VNM 100% CD,Bịch,8700
8,oreo_blueberry,Bánh Oreo việt quất,BANH OREO VIET QUAT,Gói,12900
9,omachi_beef,Mì Omachi bắp bò,MI OMACHI BAP BO RIE,Gói,8800
10,chocopie_orion,Bánh Chocopie Orion,BANH CHOCOPIE ORION,Hộp,29900
11,omachi_bowl_shrimp,Mì tô Omachi tôm,MI TO OMACHI TOM CAN,Tô,13900
